{"cameraMode":{"drawMode":0,"name":"Shaded","section":"Shading Mode"},"sceneLighting":true,"audioPlay":false,"sceneViewState":{"m_AlwaysRefresh":false,"showFog":true,"showSkybox":true,"showFlares":true,"showImageEffects":true,"showParticleSystems":true,"showVisualEffectGraphs":true,"m_FxEnabled":true},"in2DMode":false,"pivot":{"x":676.8142700195313,"y":255.00027465820313,"z":227.34823608398438},"rotation":{"x":0.06866642087697983,"y":0.22255326807498933,"z":-0.015716081485152246,"w":0.9723756313323975},"size":382.66729736328127,"orthographic":false}